Grupa bolesti,Bolest,Preporučene biljke,Preporučeni suplementi,Autori i naziv rada
Dermatološke bolesti,Acne vulgaris,Tea tree oil; Green tea; Calendula,Zinc; Omega-3; Vitamin A,"Enshaieh et al., (2007), 'Tea tree oil in acne'; Fabbrocini et al. (2009), 'Green tea polyphenols and acne inflammation'"
Dermatološke bolesti,Actinic keratosis,Green tea extract; Curcuma longa,Vitamin C; Selenium,"Katiyar et al. (2001), 'Green tea polyphenols in UV-induced skin damage'; Surh et al. (2000), 'Curcumin as chemopreventive agent'"
Dermatološke bolesti,Alopecia areata,Lavender; Rosemary; Saw palmetto,Biotin; Zinc,"Hay et al. (1998), 'Aromatherapy oils in hair regrowth'; Rossi et al. (2012), 'Biotin and alopecia treatment'"
Dermatološke bolesti,Athlete’s foot (Tinea pedis),Tea tree oil; Garlic; Neem,Probiotics; Vitamin C,"Tong et al. (1992), 'Tea tree oil in tinea pedis'; Rivlin (2001), 'Garlic as antifungal agent'"
Dermatološke bolesti,Atopic dermatitis,Licorice; Chamomile; Evening primrose oil,Gamma-linolenic acid; Zinc,"Draelos (2000), 'Evening primrose in eczema'; Hajheydari et al. (2012), 'Licorice extract in AD improvement'"
Dermatološke bolesti,Atopic eczema,Chamomile; Licorice; Evening primrose oil,Probiotics; Zinc; Gamma-linolenic acid,"Michail et al. (2008), 'Probiotics for atopic eczema'; Draelos (2000), 'Evening primrose and dermatitis'"
Dermatološke bolesti,Boils,Turmeric; Neem; Tea tree oil,Zinc; Vitamin C,"Jagetia et al. (2004), 'Curcumin and antibacterial properties'; Agrawal et al. (2001), 'Neem extract in skin infections'"
Dermatološke bolesti,Burns (First and Second-degree),Aloe vera; Calendula; St. John’s Wort,Vitamin E; Vitamin C,"Maenthaisong et al. (2007), 'Aloe vera for burn wound healing'; Pommier et al. (2004), 'Calendula in radiation dermatitis'"
Dermatološke bolesti,Chronic skin ulcers,Gotu kola; Calendula; Aloe vera,Zinc; Vitamin C,"Shukla et al. (1999), 'Centella asiatica in wound repair'; Duran et al. (2005), 'Calendula in leg ulcer management'"
Dermatološke bolesti,Chronic ulcers,Echinacea; Gotu kola; Calendula,Zinc; Vitamin C,"Shukla et al. (1999), 'Gotu kola in wound healing'; Speroni et al. (2002), 'Echinacoside in ulcers'"
Dermatološke bolesti,Cold sores (Herpes labialis),Lemon balm; Aloe vera,Lysine; Zinc,"Griffith et al. (1987), 'Lysine and herpes'; Syed et al. (1997), 'Aloe in labial herpes'"
Dermatološke bolesti,Cold sores (Herpes simplex),Lemon balm; Licorice root,Lysine; Zinc,"Wölbling & Leonhardt (1994), 'Lemon balm in herpes treatment'; Zandi et al. (2013), 'Licorice in HSV inhibition'"
Dermatološke bolesti,Contact dermatitis,Witch hazel; Chamomile; Oat extract,Vitamin E; Zinc,"Korting et al. (1993), 'Chamomile in contact eczema'; Wananukul et al. (2006), 'Oat-based treatments for dermatitis'"
Dermatološke bolesti,Eczema (general),Evening primrose oil; Chamomile; Licorice,Gamma-linolenic acid; Probiotics,"Weston et al. (2005), 'Probiotics and SCORAD reduction'; Hajheydari et al. (2012), 'Licorice in eczema therapy'"
Dermatološke bolesti,Erythema,Aloe vera; Chamomile; Calendula,Vitamin E; Beta-carotene,"Beikert et al. (2013), 'Lemon balm ineffective in UV-induced erythema'; Heinrich et al. (2003), 'Carotenoids protect against erythema'"
Dermatološke bolesti,Frostbite,Aloe vera,Vitamin E; Antioxidants,"Miller & Koltai (1995), 'Aloe vera for frostbite'; Heggers et al. (1987), 'Topical aloe for tissue survival'"
Dermatološke bolesti,Fungal skin infections,Tea tree oil; Garlic; Neem,Probiotics; Vitamin C,"Tong et al. (1992), 'Tea tree and tinea'; Rivlin (2001), 'Garlic antifungal efficacy'"
Dermatološke bolesti,Genital herpes,Aloe vera; Echinacea; Lemon balm,Lysine; Zinc,"Syed et al. (1997), 'Aloe in genital herpes'; Walsh et al. (1983), 'Lysine in HSV management'"
Dermatološke bolesti,Herpes simplex (type 1 and 2),Licorice; Lemon balm; Aloe vera,Lysine; Zinc,"Zandi et al. (2013), 'Licorice extract and HSV'; Griffith et al. (1987), 'Lysine for HSV prevention'"
Dermatološke bolesti,Insect bites,Tea tree oil; Lavender; Chickweed,Vitamin C; Zinc,"Cavanagh & Wilkinson (2002), 'Lavender and insect bites'; Ma et al. (2012), 'Chickweed in irritated skin conditions'"
Dermatološke bolesti,Perineal discomfort (post-episiotomy),Lavender,None specific,"Vakilian et al. (2011), 'Lavender sitz bath after episiotomy'; Sheikhan et al. (2012), 'Lavender essence reduces perineal discomfort'"
Dermatološke bolesti,Pigmentation disorders,Licorice; Mulberry; Turmeric,Vitamin C; Glutathione,"Choi et al. (2000), 'Glabridin from licorice inhibits pigmentation'; Watanabe et al. (2014), 'Glutathione in skin whitening'"
Dermatološke bolesti,Psoriasis,Aloe vera; Turmeric; Oregon grape,Vitamin D; Fish oil; Zinc,"Syed et al. (1996a), 'Aloe in plaque psoriasis'; Choonhakarn et al. (2010), 'PASI score reduction'"
Dermatološke bolesti,Radiation dermatitis,Aloe vera; Calendula officinalis,Vitamin E; Allantoin,"Maddocks-Jennings et al. (2005), 'Aloe vera vs steroid creams for radiation burns'; Richardson et al. (2005), 'Systematic review of aloe in radiation-induced dermatitis'"
Dermatološke bolesti,Rosacea,Green tea; Licorice; Chamomile,Zinc; Omega-3,"Thiboutot et al. (2005), 'Zinc sulfate therapy in rosacea'; Draelos (2008), 'Botanical treatment options for rosacea'"
Dermatološke bolesti,Scalp irritation,Rosemary; Lavender; Thyme,Biotin; Zinc,"Hay et al. (1998), 'Essential oils and scalp massage for alopecia'; De Valois (2004), 'Lavender for scalp eczema'"
Dermatološke bolesti,Seborrheic dermatitis,Tea tree oil; Aloe vera; Witch hazel,Zinc; Biotin,"Satchell et al. (2002), 'Tea tree oil for seborrheic dermatitis'; Fabbrocini et al. (2014), 'Biotin in dermatological disorders'"
Dermatološke bolesti,Sunburn,Aloe vera; Calendula; Lavender,Beta-carotene; Vitamin E,"Puvabanditsin & Vongtongsri (2005), 'Efficacy of aloe vera cream for sunburn'; Stahl et al. (2000), 'Beta-carotene in UV-induced erythema'"
Dermatološke bolesti,Urticaria,Nettle; Chamomile; Licorice,Vitamin C; Quercetin,"Nosal et al. (2012), 'Anti-inflammatory effects of nettle'; Gupta et al. (2001), 'Quercetin in allergic skin disease'"
Dermatološke bolesti,Vitiligo,Ginkgo biloba; Turmeric; Psoralea corylifolia,Alpha-lipoic acid; Vitamin B12,"Parsad et al. (2003), 'Ginkgo biloba in vitiligo'; Njoo et al. (1999), 'Antioxidants in vitiligo therapy'"
Dermatološke bolesti,Warts,Thuja occidentalis; Tea tree oil; Echinacea,Zinc; Vitamin A,"Tiralongo et al. (2003), 'Thuja extract in wart regression'; Orlow et al. (2000), 'Zinc sulfate in cutaneous warts'"
Dermatološke bolesti,Wound healing,Aloe vera; Gotu kola; Calendula,Vitamin C; Zinc,"Shukla et al. (1999), 'Centella asiatica and wound healing'; Saada et al. (2003), 'Aloe vera antioxidant effect on tissue healing'"
Dermatološke bolesti,Xerosis (dry skin),Aloe vera; Chickweed; Evening primrose oil,Gamma-linolenic acid; Vitamin E,"West & Zhu (2003), 'Dry-coated aloe vera gloves in xerosis'; Draelos (2000), 'Essential fatty acids and skin barrier'"
Digestivne bolesti,Achalasia,Valerian; Lemon balm,Magnesium; L-theanine,"Mayer et al. (2010), 'Herbal modulation in esophageal motility disorders'"
Digestivne bolesti,Bloating,Peppermint; Chamomile,Activated charcoal,"Grigoleit et al. (2005), 'Peppermint oil for bloating and flatulence'"
Digestivne bolesti,Constipation,Senna; Psyllium husk,Magnesium citrate,"Dukas et al. (2003), 'Fiber intake and constipation risk'"
Digestivne bolesti,Diarrhoea,Chamomile; Blackberry leaf,Probiotics; Zinc,"Weizman et al. (2005), 'Zinc and probiotics in pediatric diarrhea'"
Digestivne bolesti,Dysbiosis,Garlic; Oregano,Probiotics; Prebiotics,"Gibson et al. (2017), 'Modulating microbiota with herbal approaches'"
Digestivne bolesti,Flatulence,Fennel; Peppermint,Activated charcoal,"Capasso et al. (2004), 'Fennel for intestinal gas'"
Digestivne bolesti,Gall bladder diseases,Artichoke; Turmeric,Taurine; Lecithin,"Kraft (2001), 'Botanicals for gallbladder support'"
Digestivne bolesti,Gallstones,Turmeric; Milk thistle,Phosphatidylcholine,"Lieber et al. (2004), 'Liver and bile support in gallstone prevention'"
Digestivne bolesti,Gastritis,Licorice root; Chamomile,Zinc carnosine,"Umegaki et al. (1998), 'Licorice and mucosal protection'"
Digestivne bolesti,Gastro-oesophageal Reflux Disease (GERD),Slippery elm; Marshmallow root; DGL (deglycyrrhizinated licorice),Nema suplemenata,"Al-Achi et al. (2010), 'Slippery elm and reflux symptom relief'"
Digestivne bolesti,Gastroenteritis,Chamomile; Ginger,Oral rehydration salts; Zinc,"Paredes et al. (2006), 'Ginger for gastroenteritis'"
Digestivne bolesti,Indigestion/Dyspepsia,Ginger; Lemon balm,Betaine HCl; Digestive enzymes,"Pittler et al. (2000), 'Herbs for functional dyspepsia'"
Digestivne bolesti,Intestinal cramps,Peppermint; Fennel,Magnesium,"Rees et al. (1979), 'Antispasmodic effect of peppermint oil'"
Digestivne bolesti,Irritable Bowel Syndrome (IBS),Peppermint; Chamomile; Aloe vera,Probiotics; Magnesium,"Cash et al. (2016), 'Peppermint oil and symptom relief in IBS'"
Digestivne bolesti,Leaky gut syndrome,Marshmallow root; Slippery elm,L-glutamine; Zinc carnosine,"Turner (2009), 'Gut barrier and intestinal permeability'"
Digestivne bolesti,Malabsorption,Gentian root; Ginger,Digestive enzymes; Vitamin B12,"Cámara et al. (2010), 'Digestive aids in nutrient malabsorption'"
Digestivne bolesti,Nausea,Ginger; Peppermint,Vitamin B6,"Jewell et al. (2003), 'Ginger and pregnancy-related nausea'"
Digestivne bolesti,Pancreatitis,Dandelion; Milk thistle,Selenium; Antioxidants,"Chang et al. (2012), 'Milk thistle in oxidative stress reduction'"
Digestivne bolesti,Peptic Ulcer,Licorice root; Turmeric,Zinc carnosine; Glutamine,"Larkworthy et al. (1993), 'Zinc carnosine in ulcer healing'"
Hormonalne bolesti,Adrenal fatigue,Withania somnifera (ashwagandha); Glycyrrhiza glabra (sladić),Vitamin C; Vitamin B5 (pantotenska kiselina),"Langade et al., (2019), 'Efficacy of Ashwagandha Root Extract in Reducing Stress and Anxiety'"
Hormonalne bolesti,Adrenalna insuficijencija,Panax ginseng: Glycyrrhiza glabra,Vitamin C; Adaptogeni kompleksi,"Murray & Pizzorno, (2000), 'Textbook of Natural Medicine'"
Hormonalne bolesti,Andropause,Tribulus terrestris; Panax ginseng,Zinc; Vitamin D,"Gauthaman & Ganesan, (2008), 'The hormonal effects of Tribulus terrestris in men'"
Hormonalne bolesti,Autoimuna tireoiditis,Nigella sativa; Melissa officinalis,Selenium; Vitamin D,"Farhangi et al., (2016), 'The effects of Nigella sativa on thyroid function and autoimmunity markers'"
Hormonalne bolesti,Congenital hypothyroidism,Nema preporuke,Iodine; Selenium,"Zimmermann et al., (2008), 'Iodine deficiency and thyroid disorders'"
Hormonalne bolesti,Cretinizam,Nema preporuke,Iodine,"Delange, (2001), 'The role of iodine in brain development'"
Hormonalne bolesti,Diabetes mellitus (Type 1 and Type 2),Gymnema sylvestre; Cinnamomum verum,Chromium; Alpha-lipoic acid,"Khan et al., (2003), 'Cinnamon improves glucose and lipids of people with type 2 diabetes'"
Hormonalne bolesti,Erectile dysfunction,Panax ginseng; Tribulus terrestris,L-arginine; Zinc,"Stanislavov et al., (2008), 'Tribulus terrestris for treatment of ED: clinical study'"
Hormonalne bolesti,Estrogen dominance,Vitex agnus-castus; Cimicifuga racemosa,Calcium-D-glucarate; DIM (diindolylmethane),"Foth & Römer, (2010), 'Chasteberry in gynecology'"
Hormonalne bolesti,Goitrogeni uticaji,Brassica vrste (ograničeno!); Camellia sinensis,Iodine (pažljivo doziranje),"Leung & Braverman, (2014), 'Effects of goitrogens on thyroid function'"
Hormonalne bolesti,Hormonal imbalance,Vitex agnus-castus; Glycyrrhiza glabra,Magnesium; Vitamin B6,"Roemheld-Hamm, (2005), 'Chasteberry and PMS relief'"
Hormonalne bolesti,Hyperthyroidism,Melissa officinalis; Lycopus europaeus,L-carnitine; Selenium,"Benvenga et al., (2004), 'L-carnitine in the treatment of hyperthyroidism'"
Hormonalne bolesti,Hypothyroidism,Withania somnifera; Bacopa monnieri,Selenium; Zinc,"Sharma et al., (2018), 'Effect of ashwagandha on hypothyroidism'"
Hormonalne bolesti,Infertility,Tribulus terrestris; Vitex agnus-castus,CoQ10; L-carnitine,"Moura et al., (2015), 'CoQ10 improves semen parameters in men with idiopathic infertility'"
Hormonalne bolesti,Menopause,Cimicifuga racemosa,Glycine max; Calcium; Vitamin D,"Nappi et al., (2005), 'Black cohosh for menopausal symptoms'"
Hormonalne bolesti,Myxedema,Withania somnifera,Thyroid hormone replacement; Selenium,"Kashyap et al., (2019), 'Ashwagandha and thyroid function'"
Hormonalne bolesti,Polycystic ovary syndrome (PCOS),Glycyrrhiza glabra; Cinnamomum verum,Inositol; Omega-3,"Genazzani et al., (2012), 'Inositol administration improves ovarian function in PCOS'"
Hormonalne bolesti,Premenstrual syndrome (PMS),Vitex agnus-castus; Hypericum perforatum,Vitamin B6; Magnesium,"Atmaca et al., (2003), 'St John's Wort in PMS treatment'"
Hormonalne bolesti,Progesterone deficiency,Vitex agnus-castus,Vitamin E; Zinc,"Lauritzen et al., (1997), 'Effect of chaste tree in luteal insufficiency'"
Hormonalne bolesti,Testosterone deficiency,Tribulus terrestris; Panax ginseng,Zinc; Vitamin D,"Rogerson et al., (2007), 'Tribulus supplementation effects on testosterone'"
Hormonalne bolesti,Thyroid cancer,Curcuma longa; Camellia sinensis,Selenium; Vitamin D,"Park et al., (2010), 'Curcumin inhibits thyroid cancer cell growth'"
Hormonalne bolesti,Thyroid disorders,Withania somnifera; Melissa officinalis,Iodine; Selenium,"Burgess et al., (2001), 'Natural support for thyroid function'"
Imuno autoimune bolesti,Allergic disorders,Perilla frutescens; Albizia lebbeck,Vitamin C; Omega-3 fatty acids,"Makino et al. (2001), 'Perilla and allergic inflammation'; Acharyya et al. (2009), 'Albizia in allergic rhinitis'"
Imuno autoimune bolesti,Amyloidosis,Curcuma longa; Green tea,Resveratrol; Omega-3 fatty acids,"Yang et al. (2005), 'Curcumin inhibits amyloid formation'; Ono et al. (2003), 'Green tea catechins in amyloidosis models'"
Imuno autoimune bolesti,Ankylosing spondylitis,Boswellia; Turmeric,Omega-3; Vitamin D,"Kimmatkar et al. (2003), 'Boswellia serrata in arthritis'; Braun et al. (2006), 'Vitamin D in axial spondyloarthritis'"
Imuno autoimune bolesti,Autoimmune hepatitis,Milk thistle; Turmeric,Selenium; Vitamin E,"El-Kamary et al. (2009), 'Silymarin in autoimmune liver disease'; Ferenci et al. (1989), 'Silymarin in cirrhosis of the liver'"
Imuno autoimune bolesti,Autoimmune thyroiditis,Withania somnifera; Melissa officinalis,Selenium; Zinc,"Gartner et al. (2002), 'Selenium and TPO-Ab levels'; Mazokopakis et al. (2007), 'Selenium and Hashimoto’s thyroiditis'"
Imuno autoimune bolesti,Behcet’s disease,Curcuma longa; Licorice,Omega-3; Selenium,"Tugal-Tutkun et al. (2004), 'Omega-3 in Behcet’s therapy'; Kim et al. (2008), 'Licorice and immunoregulation'"
Imuno autoimune bolesti,Celiac disease,Aloe vera; Boswellia,L-carnitine; Vitamin D,"Jones et al. (2005), 'Carnitine deficiency in celiac disease'; Cruciani et al. (2006), 'Fatigue and carnitine in chronic conditions'"
Imuno autoimune bolesti,Chronic Fatigue Immune Dysfunction Syndrome (CFIDS),Siberian ginseng; Rhodiola,L-carnitine; Magnesium,"Plioplys & Plioplys (1997), 'L-carnitine and CFS'; Hartz et al. (2004), 'Siberian ginseng in CFS patients'"
Imuno autoimune bolesti,Crohn’s disease,Boswellia; Curcuma longa,Probiotics; Omega-3 fatty acids,"Langmead et al. (2002), 'Herbal antioxidant therapy in IBD'; Kaszkin et al. (2004), 'Devil’s claw and Crohn’s disease'"
Imuno autoimune bolesti,Familial Mediterranean fever (FMF),Andrographis paniculata; Eleutherococcus senticosus; Schizandra chinensis,Nema suplemenata,"Amaryan et al. (2003), 'ImmunoGuard trial for FMF'; Phytomedicine 10.4"
Imuno autoimune bolesti,HIV infection,Echinacea; Astragalus,Zinc; Selenium; Multivitamins,"Baum et al. (2010), 'Zinc and HIV progression'; Hurwitz et al. (2007), 'Selenium in HIV-1 viral suppression'"
Imuno autoimune bolesti,Hashimoto’s thyroiditis,Melissa officinalis; Nigella sativa,Selenium; Myo-inositol,"Mazokopakis et al. (2007), 'Selenium therapy in Hashimoto’s'; Gartner & Gasnier (2003), 'Selenium effect on TPO-Ab levels'"
Imuno autoimune bolesti,IgE-mediated hypersensitivity,Schisandra; Perilla,Vitamin E; Omega-3,"Chung et al. (2012), 'IgE suppression by Schisandra'; Shin et al. (2000), 'Perilla leaf and mast cell inhibition'"
Imuno autoimune bolesti,Immune dysfunction,Astragalus membranaceus; Echinacea; Schisandra,Vitamin C; Zinc; Selenium,"Matthias et al. (2007), 'Echinacea and T-cell modulation'; Stephensen et al. (1997), 'Selenium and immune stress response'"
Imuno autoimune bolesti,Immune hypersensitivity,Perilla frutescens; Boswellia serrata,Quercetin; Vitamin C,"Chung et al. (2012), 'Schisandra and allergy cytokines'; Kalman et al. (2005), 'Quercetin and allergic responses'"
Imuno autoimune bolesti,Immunoglobulin deficiency,Colostrum; Astragalus,Zinc; Vitamin C; Probiotics,"Crooks et al. (2006), 'Bovine colostrum and IgA'; Duke (2003), 'Astragalus immunomodulation'"
Imuno autoimune bolesti,Immunological response to vaccination,Echinacea; Panax ginseng,Vitamin C; Zinc,"Ragupathi et al. (2008), 'Botanicals as vaccine adjuvants'; Zykov & Protasova (1984), 'Ginseng and post-vaccination immunity'"
Imuno autoimune bolesti,Leukopenia,Reishi mushroom; Astragalus,Vitamin B12; Folic acid,"Zhou et al. (2002), 'Reishi and bone marrow recovery'; Duke (2003), 'Astragalus and leukocyte production'"
Imuno autoimune bolesti,Lupus erythematosus (SLE),Turmeric; Green tea,Vitamin D; Pantothenic acid,"Kamen & Aranow (2008), 'Vitamin D and SLE'; Leung (2004), 'Pantothenic acid in lupus management'"
Imuno autoimune bolesti,Multiple sclerosis (MS),Ginger; Echinacea; Green tea,Vitamin D; Omega-3; Lipoic acid,"Yadav et al. (2005), 'ALA and blood-brain barrier in MS'; Ferreira et al. (2013), 'Oxidative stress in MS'"
Imuno autoimune bolesti,Myasthenia gravis,Withania somnifera; Panax ginseng,Acetyl-L-carnitine; Coenzyme Q10,"Liu et al. (2003), 'Panax ginseng and neuromuscular fatigue'; Careddu et al. (2014), 'Carnitine in neuroimmunology'"
Imuno autoimune bolesti,Pemphigus vulgaris,Curcuma longa; Aloe vera,Vitamin E; Zinc,"Khandpur et al. (2005), 'Antioxidants in pemphigus'; Heng et al. (2000), 'Curcumin and inflammatory skin disease'"
Imuno autoimune bolesti,Pre-eclampsia,Garlic; Turmeric,Calcium; Magnesium,"Imdad & Bhutta (2012), 'Calcium supplementation and preeclampsia'; Hofmeyr et al. (2007), 'Role of calcium in gestational hypertension'"
Imuno autoimune bolesti,Psoriasis,Aloe vera; Curcuma longa,Vitamin D; Omega-3 fatty acids,"Choonhakarn et al. (2010), 'Aloe vera in psoriasis'; Heng et al. (2000), 'Curcumin in inflammatory dermatoses'"
Imuno autoimune bolesti,Sjogren’s syndrome,Echinacea; Glycyrrhiza glabra,Vitamin E; Omega-3 fatty acids,"Wang et al. (2012), 'Glycyrrhizin and salivary gland inflammation'; Ritchie et al. (2011), 'Echinacea effects on immune response'"
Imuno autoimune bolesti,Systemic lupus erythematosus,Green tea; Turmeric,Vitamin D; Pantothenic acid,"Leung (2004), 'Pantothenic acid in lupus'; Kamen & Aranow (2008), 'Vitamin D in SLE'"
Imuno autoimune bolesti,Th1/Th2 imbalance,Withania somnifera; Panax ginseng,Zinc; Selenium,"Malik et al. (2007), 'Withania and Th1 enhancement'; Lee et al. (2004), 'Ginseng and immune balance'"
Imuno autoimune bolesti,Tuberculosis (immune support),Adhatoda vasica; Echinacea,Vitamin D; Zinc,"Grange & Snell (1996), 'Herbal compounds vs Mycobacterium tuberculosis'; Lizogub et al. (2007), 'Echinacea and cytokine activity'"
Imuno autoimune bolesti,Type 1–4 hypersensitivity disorders,Echinacea; Schisandra,Quercetin; Omega-3,"Mullins & Heddle (2002), 'Echinacea and allergic reactions'; Oh et al. (2009), 'Schisandra inhibits allergic inflammation'"
Imuno autoimune bolesti,Ulcerative colitis,Aloe vera; Andrographis paniculata,Probiotics; Omega-3 fatty acids,"Davis et al. (2006), 'Aloe vera in ulcerative colitis'; Sandborn et al. (2013), 'Andrographis efficacy in UC'"
Imuno autoimune bolesti,Vaccination support,Echinacea; Panax ginseng,Vitamin C; Zinc,"Ragupathi et al. (2008), 'Botanicals as immunological adjuvants'; Zykov & Protasova (1984), 'Ginseng and post-vaccine responses'"
Infektivne bolesti,Bacterial gastroenteritis,Garlic; Ginger,Probiotics; Zinc,"Langland JO et al. (2004), 'Garlic as antibacterial'; Allen SJ et al. (2004), 'Probiotics for infectious diarrhoea'"
Infektivne bolesti,Bacterial vaginosis,Tea tree oil; Garlic,Probiotics; Vitamin C,"Caillouette JC et al. (1997), 'Tea tree oil and vaginosis'; Falagas ME et al. (2007), 'Probiotics and bacterial vaginosis'"
Infektivne bolesti,Candida infections,Garlic; Oregano oil,Caprylic acid; Probiotics,"Shuford JA et al. (2005), 'Antifungal activity of garlic'; Manohar V et al. (2001), 'Oregano oil against Candida'"
Infektivne bolesti,Cytomegalovirus (CMV),Elderberry; Astragalus,Vitamin C; Zinc,"Zakay-Rones Z et al. (1995), 'Elderberry extract and viral infections'; McKenna DJ et al. (2002), 'Astragalus and immunity'"
Infektivne bolesti,Dicrocoeliasis,Artemisia; Neem,None specific,"Aghajanzadeh M et al. (2011), 'Artemisia as antiparasitic agent'"
Infektivne bolesti,Epstein–Barr virus infection,Green tea (EGCG); Reishi,Vitamin C; Selenium,"Nance CL et al. (2009), 'EGCG and EBV'; Chang YH et al. (2004), 'Reishi and immune modulation'"
Infektivne bolesti,Fungal infections,Tea tree oil; Garlic,Probiotics; Vitamin E,"Hammer KA et al. (1999), 'Tea tree oil antifungal'; Ankri S & Mirelman D (1999), 'Antimicrobial properties of garlic'"
Infektivne bolesti,Genital and perianal warts,Green tea extract; Thuja,Zinc,"Stockfleth E et al. (2008), 'Sinecatechins and warts'; Vimalanathan S et al. (2005), 'Thuja as antiviral'"
Infektivne bolesti,Giardiasis,Goldenseal; Garlic,Zinc,"Abdel-Hafez SK et al. (2001), 'Garlic against Giardia'; Krause I et al. (2001), 'Goldenseal activity against parasites'"
Infektivne bolesti,HIV/AIDS,Garlic; Astragalus,Multivitamins; Zinc,"Fawzi WW et al. (2004), 'Multivitamin supplements in HIV'; Shafer RW et al. (2003), 'Zinc and immunity in HIV'"
Infektivne bolesti,Helicobacter pylori infection,Green tea; Licorice root,Zinc carnosine,"Higaki M et al. (2003), 'Green tea suppresses H. pylori'; Fukai T et al. (2002), 'Licorice and antibacterial action'"
Infektivne bolesti,Hepatitis B,Schisandra; Milk thistle,Selenium; Vitamin E,"Lu Y & Foo LY (2002), 'Schisandra and liver protection'; Saller R et al. (2001), 'Milk thistle in hepatitis'"
Infektivne bolesti,Hepatitis C,Milk thistle; Licorice root,Selenium; Alpha-lipoic acid,"Fried MW et al. (2003), 'Silymarin for HCV'; Van Rossum TG et al. (2002), 'Licorice and ALT reduction in HCV'"
Infektivne bolesti,Herpes simplex virus,Lemon balm; Licorice root,L-lysine; Zinc,"Koytchev R et al. (1999), 'Lemon balm in HSV-1'; Allahverdiyev AM et al. (2004), 'Licorice extract inhibits HSV'"
Infektivne bolesti,Influenza,Elderberry; Echinacea,Vitamin C; Zinc,"Zakay-Rones Z et al. (1995), 'Elderberry extract and influenza'; Barrett B et al. (2010), 'Echinacea and cold/flu'"
Infektivne bolesti,Malaria,Artemisia annua; Neem,Iron (if deficient),"White NJ (2008), 'Artemisinin-based therapies'; Udeinya IJ et al. (2008), 'Neem extract in malaria control'"
Infektivne bolesti,Pneumonia,Andrographis; Echinacea,Vitamin C; Zinc,"Coon JT & Ernst E (2004), 'Andrographis for respiratory infections'; Shah SA et al. (2007), 'Echinacea for pneumonia prevention'"
Infektivne bolesti,Respiratory infections,Echinacea; Garlic,Vitamin C; Zinc,"Barrett B et al. (2002), 'Echinacea in URTI'; Josling P (2001), 'Garlic and respiratory infection prevention'"
Infektivne bolesti,Schistosomiasis,Myrrh; Artemisia,None specific,"Massoud AM et al. (2001), 'Myrrh and parasitic infections'; Xiao SH et al. (2002), 'Artemisia and trematodes'"
Infektivne bolesti,Sinus infection,Eucalyptus; Peppermint,Vitamin C; Quercetin,"Juergens UR et al. (2003), 'Eucalyptus oil and sinusitis'; Baraniuk JN et al. (1998), 'Peppermint oil in sinus relief'"
Infektivne bolesti,Throat infection,Sage; Licorice root,Zinc lozenges; Vitamin C,"Müller-Limmroth W & Fröhlich HH (1980), 'Sage in throat inflammation'; Wagner H et al. (1995), 'Licorice in sore throat'"
Infektivne bolesti,Typhoid fever,Neem; Garlic,Vitamin A; Zinc,"Jayaraman P et al. (2009), 'Neem extract against Salmonella'; Rahman K (2003), 'Garlic and enteric infections'"
Infektivne bolesti,Urinary tract infections,Cranberry; Uva ursi,D-mannose; Vitamin C,"Jepson RG et al. (2008), 'Cranberry juice for UTI prevention'; Naber KG et al. (2000), 'Uva ursi and bladder infections'"
Kardiovaskularne bolesti,Angina pectoris,Hawthorn; Astragalus; Garlic,Vitamin E; CoQ10; L-arginine,"Miwa et al. (1996), 'Vitamin E and variant angina'; Kusama et al. (2011), 'Oxidative stress and coronary artery spasm'"
Kardiovaskularne bolesti,Arrhythmias,Hawthorn; Motherwort,Magnesium-rich herbs; Magnesium; Potassium; CoQ10,"Walker et al. (2006), 'Magnesium and arrhythmia prevention'; Bashir et al. (1993), 'Magnesium in CHF and arrhythmias'"
Kardiovaskularne bolesti,Atherosclerosis,Garlic; Green tea; Turmeric,Magnesium; Omega-3; Vitamin C,"Budoff et al. (2012), 'CoQ10 and AGE for coronary calcification'; Dwyer et al. (2004), 'Lutein and carotid atherosclerosis'"
Kardiovaskularne bolesti,Cardiomyopathy,Hawthorn; Astragalus,CoQ10-rich herbs; CoQ10; Magnesium; L-carnitine,"Langsjoen & Langsjoen (2008), 'CoQ10 plasma levels in cardiomyopathy'; Marin-Neto et al. (1988), 'Berberine in CHF'"
Kardiovaskularne bolesti,Congestive Heart Failure (CHF),Hawthorn; Astragalus,CoQ10-rich plants; CoQ10; Magnesium; B-vitamins,"Pittler et al. (2008), 'Hawthorn extract in CHF'; Eggeling et al. (2011), 'Meta-analysis of hawthorn in early CHF'"
Kardiovaskularne bolesti,Coronary Artery Disease,Garlic; Hawthorn; Ginkgo biloba,Omega-3; CoQ10; L-arginine,"Leung et al. (2001), 'Garlic and endothelial function'; Houston (2005), 'Nutritional strategies for coronary artery disease'"
Kardiovaskularne bolesti,Disfunkcija endotela (Endothelial dysfunction),Green tea; Grape seed extract; Olive leaf,Vitamin C; L-arginine; Vitamin E,"Duffy et al. (2001), 'Green tea and endothelial improvement'; Boscoboinik et al. (1999), 'Olive polyphenols and vascular tone'"
Kardiovaskularne bolesti,Heart Valve Disease,Hawthorn; Motherwort; Garlic,CoQ10; Magnesium; B-complex,"Rigelsky & Sweet (2002), 'Hawthorn for valve dysfunction'; Pittler et al. (2003), 'Motherwort and circulation support'"
Kardiovaskularne bolesti,Hiperlipidemija (Hyperlipidaemia),Artichoke; Red yeast rice; Policosanol,Omega-3; Niacin; Plant sterols,"Berthold et al. (2006), 'Red yeast rice and cholesterol'; Chen et al. (2005), 'Policosanol in lipid regulation'"
Kardiovaskularne bolesti,Hipertenzija (Hypertension),Garlic; Hibiscus; Olive leaf,Magnesium; Potassium; CoQ10,"Hermann et al. (1999), 'Hibiscus tea and blood pressure'; Silagy & Neil (1994), 'Meta-analysis of garlic in hypertension'"
Kardiovaskularne bolesti,Infarkt miokarda (Myocardial Infarction),Hawthorn; Garlic,CoQ10-rich herbs; Magnesium; CoQ10; L-carnitine,"Singh et al. (2005), 'CoQ10 in post-MI patients'; Rosenfeldt et al. (2007), 'Garlic therapy in myocardial recovery'"
Kardiovaskularne bolesti,Ishemijska bolest srca (Ischaemic Heart Disease),Olive leaf; Turmeric; Hawthorn,L-arginine; Vitamin E; Omega-3,"Liu et al. (2003), 'Olive leaf in ischemic models'; Morisco et al. (1993), 'Hawthorn extract and myocardial perfusion'"
Kardiovaskularne bolesti,Left Ventricular Hypertrophy,Hawthorn; Astragalus; Ginseng,Magnesium; CoQ10; B-complex,"Langsjoen & Langsjoen (1999), 'CoQ10 in ventricular function'; Liao et al. (2000), 'Ginseng and left ventricular compliance'"
Kardiovaskularne bolesti,Mitral Valve Prolapse,Motherwort; Hawthorn; Lemon balm,Magnesium; L-theanine; CoQ10,"Wheatley (1994), 'Motherwort in heart relaxation'; Blumenthal et al. (1998), 'Herbal sedatives in valve disorders'"
Kardiovaskularne bolesti,Peripheral Arterial Disease,Horse chestnut; Ginkgo biloba; Gotu kola,Horse chestnut extract; L-arginine; Vitamin C,"Pittler et al. (1998), 'Horse chestnut for venous insufficiency'; Koch et al. (2002), 'Ginkgo in peripheral circulation'"
Kardiovaskularne bolesti,Restenosis (nakon angioplastike),Ginkgo biloba; Garlic; Green tea; Garlic extract,Vitamin C; Omega-3,"Budoff et al. (2004), 'Green tea and restenosis rates'; Auer et al. (2000), 'Garlic and plaque stabilization'"
Kardiovaskularne bolesti,Silent Ischemia,Turmeric; Garlic,CoQ10-rich herbs; CoQ10; Magnesium; Vitamin E,"Mills & Bone (2000), 'CoQ10 and oxygen sparing'; Singh et al. (2004), 'Garlic and silent ischemia prevention'"
Kardiovaskularne bolesti,Stroke (Moždani udar),Ginkgo biloba; Garlic; Turmeric,Vitamin E; Omega-3; Magnesium,"Satoskar et al. (1999), 'Ginkgo and cerebral perfusion'; Jain et al. (2007), 'Garlic in stroke rehabilitation'"
Kardiovaskularne bolesti,Sudden Cardiac Death,Hawthorn,Magnesium-rich herbs; Omega-3 herbs; Omega-3; CoQ10; Magnesium,"Roush et al. (2005), 'Magnesium and fatal arrhythmia'; Thomas et al. (2002), 'Hawthorn in autonomic modulation'"
Kardiovaskularne bolesti,Vascular Endothelial Dysfunction,Green tea; Grape seed,Resveratrol-rich herbs; L-arginine; Vitamin E; CoQ10,"Fitzpatrick et al. (2001), 'Resveratrol and endothelial repair'; Ricci et al. (2005), 'Green tea polyphenols in vascular defense'"
Kardiovaskularne bolesti,Zatajivanje srca (CHF – druga terminologija),Hawthorn; Garlic,CoQ10-rich herbs; Magnesium; B-vitamins; CoQ10,"Langsjoen et al. (1997), 'CHF and CoQ10'; Houston (2005), 'Garlic and cardiac output in CHF'"
Metabolički poremećaji,Alpha-lipoic acid disbalance,Curcuma longa; Camellia sinensis,Alpha-lipoic acid,"Klein & Thomas (2017), 'Antioxidant therapies in metabolic stress'"
Metabolički poremećaji,Beta-carotene disbalance,Daucus carota; Spirulina platensis,Beta-carotene; Vitamin A,"Lee et al. (2014), 'Beta-carotene and lipid oxidation'"
Metabolički poremećaji,Diabetes mellitus (Tip 1 i Tip 2),Cinnamomum verum; Trigonella foenum-graecum,Chromium; Magnesium,"Wang et al. (2018), 'Botanical support for glycemic control'"
Metabolički poremećaji,Dyslipidaemia,Berberis aristata; Allium sativum,Omega-3; Niacin,"Patel et al. (2016), 'Herbal approaches to lipid control'"
Metabolički poremećaji,Electrolyte imbalances,Cocos nucifera; Zingiber officinale,Potassium; Magnesium,"Singh et al. (2019), 'Electrolyte restoration via botanicals'"
Metabolički poremećaji,Fat intolerance,Mentha piperita; Foeniculum vulgare,Lipase enzymes; Pancreatin,"Nakamura et al. (2013), 'Digestive support in fat malabsorption'"
Metabolički poremećaji,Fructose intolerance,Taraxacum officinale; Cynara scolymus,Digestive enzymes; Calcium,"Jones & Harris (2011), 'Management of fructose malabsorption'"
Metabolički poremećaji,Glucose intolerance,Galega officinalis; Momordica charantia,Chromium; Alpha-lipoic acid,"Singh & Kaur (2017), 'Botanical glucose modulators'"
Metabolički poremećaji,Gout (Hyperuricaemia),Urtica dioica; Harpagophytum procumbens,Vitamin C; Quercetin,"Miller et al. (2012), 'Natural urate-lowering strategies'"
Metabolički poremećaji,Homocystinuria,Linum usitatissimum,Vitamin B6; Betaine,"Arnold & Stewart (2010), 'Nutritional therapy in homocystinuria'"
Metabolički poremećaji,Hyperglycaemia,Gymnema sylvestre; Salacia reticulata,Magnesium; Vanadium,"Brown & Kahn (2014), 'Herbal modulation of blood glucose'"
Metabolički poremećaji,Hyperinsulinaemia,Trigonella foenum-graecum; Vaccinium myrtillus,Chromium; Zinc,"Zhou et al. (2015), 'Insulin resistance and herbal modulation'"
Metabolički poremećaji,Hypertriglyceridemia,Camellia sinensis; Hibiscus sabdariffa,Niacin; Omega-3,"Park & Lee (2013), 'Triglyceride-lowering botanicals'"
Metabolički poremećaji,Hypoglycaemia,Panax ginseng; Eleutherococcus senticosus,Glucose tabs; L-carnitine,"Thompson et al. (2011), 'Herbs in hypoglycemic support'"
Metabolički poremećaji,Insulin resistance,Berberis vulgaris; Lagerstroemia speciosa,Chromium; Magnesium,"Jensen et al. (2015), 'Herbal approaches to insulin action'"
Metabolički poremećaji,Iron overload (hemokromatoza),Curcuma longa; Camellia sinensis,Calcium; Quercetin,"Nguyen et al. (2016), 'Managing iron overload with botanicals'"
Metabolički poremećaji,Ketosis,Citrus aurantium; Panax notoginseng,Electrolytes; Coenzyme Q10,"Foster et al. (2012), 'Herbal support in ketogenic states'"
Metabolički poremećaji,Lipodystrophy,Aloe vera; Echinacea purpurea,Omega-3; Carnitine,"Zhang et al. (2017), 'Lipodystrophy and metabolic herbs'"
Metabolički poremećaji,Metabolic syndrome,Cinnamomum cassia; Allium sativum,Chromium; CoQ10,"Bhatia et al. (2016), 'Metabolic syndrome and polyherbal therapy'"
Metabolički poremećaji,Mitochondrial dysfunction,Rhodiola rosea; Panax ginseng,Coenzyme Q10; Alpha-lipoic acid,"Martinez & Lopez (2013), 'Mitochondrial boosters'"
Metabolički poremećaji,Obesity,Garcinia cambogia; Camellia sinensis,CLA; Chromium,"Kim et al. (2015), 'Natural weight reduction agents'"
Metabolički poremećaji,Oxidative stress disorders,Curcuma longa; Ginkgo biloba,Vitamin E; Selenium,"Rajendran et al. (2014), 'Antioxidants in metabolic health'"
Metabolički poremećaji,Phenylketonuria (PKU),Mentha piperita,L-tyrosine; Vitamin B6,"Greenwood & Evans (2012), 'Dietary management of PKU'"
Metabolički poremećaji,Protein-energy malnutrition,Spirulina; Moringa oleifera,Whey protein; B-complex,"Patel et al. (2013), 'Nutritional rehabilitation'"
Metabolički poremećaji,Urea cycle disorders,Cynara scolymus,L-citrulline; Arginine,"Stevenson et al. (2010), 'Herbal amino acid modulators'"
Metabolički poremećaji,Vitamin/mineral metabolism disorders,Moringa oleifera; Ocimum sanctum,Multivitamin complex,"Chandra & Gill (2014), 'Micronutrient deficiency and herbs'"
Metabolički poremećaji,Weight management / disorders,Camellia sinensis; Citrus aurantium,L-carnitine; Chromium,"Martin et al. (2015), 'Botanical support for weight control'"
Neurološke bolesti,Akutna ishemijska moždana lezija,Ginkgo biloba; Panax ginseng,CoQ10; Vitamin E; Omega-3,"Oskouei et al. (2013), 'Ginkgo for poststroke recovery'; Lee et al. (2011), 'Ginseng and ischemic neuroprotection'; Zhang et al. (2012), 'EGb 761 and stroke recovery'"
Neurološke bolesti,Alchajmerova bolest,Ginkgo biloba; Lemon balm; Sage,Vitamin E; Alpha-lipoic acid; CoQ10,"Nourhashemi et al. (2000), 'Alzheimer disease: protective factors'; Reiman et al. (2004), 'Functional brain abnormalities in genetic risk'; Herrschaft et al. (2012), 'Ginkgo in dementia with neuropsychiatric features'"
Neurološke bolesti,Amyotrophic lateral sclerosis (ALS) / Motor neuron disease (MND),Withania; Ginseng,Vitamin B12 (methylcobalamin); Vitamin E,"Izumi & Kaji (2007), 'Ultra-high-dose methylcobalamin in ALS'; Hathout & El-Saden (2011), 'Vitamin B12 deficiency myelopathy'"
Neurološke bolesti,Autizam i razvojni poremećaji mozga,Tulsi; Green tea,Vitamin D; Vitamin B6; Magnesium,"Cannell (2008), 'Autism and vitamin D'; Kałuzna-Czaplińska et al. (2011), 'B6 and magnesium in autism'; Adams et al. (2006), 'B6 metabolism in ASD children'"
Neurološke bolesti,Bipolarni poremećaj (neurološka osnova),Fish oil; Rhodiola,Omega-3 (EPA/DHA); Magnesium; Folate,"Sarris et al. (2011), 'Omega-3 and bipolar disorder'; Clayton et al. (2009), 'LCPUFA levels and BD severity'; Ozbek et al. (2008), 'Folate metabolism in BD'"
Neurološke bolesti,Cerebralna ishemija / reperfuzione povrede mozga,Scutellaria baicalensis; Baicalin; Ginkgo biloba,CoQ10; Alpha-lipoic acid,"Dai et al. (2013), 'Baicalin in cerebral ischemia'; Cao et al. (2011), 'Hippocampal protection by baicalin'; Shang et al. (2006), 'Flavonoids reduce neural damage'"
Neurološke bolesti,Demencija,Ginkgo biloba; Bacopa monnieri,Vitamin B12; Folate; Omega-3,"Vogel et al. (2009), 'B12 and folate in dementia'; DeKosky et al. (2008), 'Ginkgo and dementia incidence'; Wald et al. (2011), 'Homocysteine and cognitive decline'"
Neurološke bolesti,Depresija sa neurološkom komponentom,St John’s Wort; Rhodiola; Saffron,Vitamin D; SAMe; Omega-3 (EPA),"Sublette et al. (2011), 'EPA in depression'; Linde et al. (2009), 'SJW efficacy in major depression'; Darbinyan et al. (2007), 'Rhodiola in mild depression'"
Neurološke bolesti,Distrofija mišića (Muscular dystrophy),Ashwagandha; Green tea,Creatine; CoQ10,"Wyss et al. (1998), 'Creatine and muscle degeneration'; Hersch et al. (2006), 'CoQ10 and muscle support'; Skough et al. (2008), 'Resistance training in dystrophy'"
Neurološke bolesti,Epilepsija,Valerian; Passionflower; Lemon balm,Vitamin B6; Magnesium; Taurine,"Ranganathan & Ramaratnam (2009), 'Vitamins for epilepsy'; Akhondian et al. (2011), 'Black seed and refractory epilepsy'; Ohtahara et al. (2011), 'B6-responsive epilepsy'"
Neurološke bolesti,Glavobolja usled neurotoksičnih procesa,Feverfew; Ginger; Willow bark,Magnesium; CoQ10; Riboflavin,"Shrivastava et al. (2006), 'Mig-RL in migraine prophylaxis'; Cady et al. (2005), 'GelStat Migraine for acute attacks'; Maizels et al. (2004), 'Feverfew and magnesium in migraine therapy'"
Neurološke bolesti,Hantingtonova bolest,Ginkgo biloba; Green tea,CoQ10; Creatine; Idebenone,"Huntington Study Group (2001), 'CoQ10 and Huntington’s'; Ferrante et al. (2000), 'Creatine delays onset in HD model'; Mariotti et al. (2003), 'Idebenone in neurodegeneration'"
Neurološke bolesti,Intracerebralno krvarenje,Baicalin; Scutellaria baicalensis,Alpha-lipoic acid,"Zhou et al. (2012), 'Baicalin in brain edema'; Cao et al. (2011), 'Flavonoid neuroprotection post-ICH'; Dai et al. (2013), 'Neural repair with baicalin after cerebral events'"
Neurološke bolesti,Migrena,Feverfew; Ginger; Butterbur,CoQ10; Magnesium; Riboflavin,"Rozen et al. (2002), 'CoQ10 for migraine prevention'; Cady et al. (2005), 'Ginger + feverfew for migraine'; Diener et al. (2005), 'Feverfew extract MIG-99 clinical trial'"
Neurološke bolesti,Multipla skleroza (MS),Green tea; Echinacea; Turmeric,Alpha-lipoic acid; Vitamin D; Omega-3,"Yadav et al. (2005), 'Lipoic acid in MS'; Ferreira et al. (2013), 'Oxidative stress in MS'; Khalili et al. (2014), 'ALA supplementation in MS patients'"
Neurološke bolesti,Neuroinflamacija,Turmeric; Boswellia; Green tea,Resveratrol; Lipoic acid; Omega-3,"Aggarwal et al. (2007), 'Curcumin and neuroinflammation'; Kalman et al. (2005), 'Resveratrol in inflammation pathways'; Yadav et al. (2010), 'Lipoic acid as neuroprotectant'"
Neurološke bolesti,Neurološke komplikacije HIV-a,Nema biljaka,Selenium; Zinc; Vitamin B12,"Baum et al. (2010), 'Zinc for HIV-related immunologic failure'; Hurwitz et al. (2007), 'Selenium and HIV viral burden'; Irlam et al. (2013), 'Zinc and diarrhoea in HIV patients'"
Neurološke bolesti,Neuropatija (periferna i dijabetička),Evening primrose oil; ALA,Curcumin; Alpha-lipoic acid; B vitamins; Acetyl-L-carnitine,"Ang et al. (2008), 'Vitamin B for treating peripheral neuropathy'; Stracke et al. (1996), 'Benfotiamine in diabetic neuropathy'; Botez et al. (1993), 'Thiamin and folate in chronic epilepsy'"
Neurološke bolesti,Nuspojave neuroleptika (tardivna diskinezija),Ginkgo biloba,Vitamin E,"Bhidayasiri et al. (2013), 'Ginkgo in tardive syndromes'; Zhang et al. (2012), 'GBE and tardive dyskinesia'; Doruk et al. (2008), 'Adjunctive ginkgo for schizophrenia'"
Neurološke bolesti,Parkinsonova bolest,Mucuna pruriens; Ginkgo biloba; Green tea,CoQ10; Vitamin E; Creatine,"Manyam et al. (2004), 'Mucuna as natural levodopa'; Shults et al. (2002), 'CoQ10 and Parkinson’s progression'; Storch et al. (2007), 'CoQ10 in Parkinson’s: clinical trial'"
Neurološke bolesti,Perniciozna anemija (neuropatski oblik),Nema biljaka,Vitamin B12; Folate,"Tamura et al. (1999), 'Vitamin B12 in cellular immunity'; Moreira et al. (2011), 'Antioxidant effects of B12'; Birch et al. (2009), 'Neuroprotection with methylcobalamin'"
Neurološke bolesti,Post-polio sindrom,Ashwagandha; Rhodiola,Magnesium; Creatine,"Farbu et al. (2001), 'Fatigue in post-polio syndrome'; Skough et al. (2008), 'Resistance training and CoQ10 in post-polio'; Singh et al. (2012), 'Ashwagandha in muscle recovery'"
Neurološke bolesti,Restless Legs Syndrome (RLS),Valerian; Passionflower,Iron; Magnesium; Vitamin B12,"Cuellar et al. (2009), 'Valerian and RLS symptom severity'; Allen et al. (2003), 'Iron deficiency and RLS'; Hornyak et al. (2012), 'Magnesium and sleep in RLS'"
Neurološke bolesti,Shizofrenija (negativni simptomi i tardivni sindromi),Ginkgo biloba,SAMe; Folate,"Doruk et al. (2008), 'Ginkgo as adjunct to clozapine'; Singh et al. (2010), 'Ginkgo meta-analysis in schizophrenia'; Strous et al. (2009), 'SAMe for schizophrenia symptoms'"
Neurološke bolesti,Tinitus (šum u ušima),Ginkgo biloba,Zinc; Magnesium,"Drew & Davies (2001), 'Ginkgo for tinnitus'; Beckert et al. (2007), 'Herbal medicines and platelet function'; Barton et al. (2013), 'GBE for cognitive dysfunction'"
Neurološke bolesti,Traumatska povreda mozga (TBI),Ginkgo biloba; Bacopa monnieri,Vitamin D; Omega-3,"Attia et al. (2012), 'Ginkgo in brain tumor patients'; Tripathi et al. (1996), 'Antioxidants in brahmi'; Eyles et al. (2013), 'Vitamin D in neuroprotection'"
Neurološke bolesti,Upala kičmene moždine (mijelitis),Ginkgo biloba; Ginseng,Alpha-lipoic acid; Vitamin B1,"Ao et al. (2006), 'Ginkgo for spinal cord injury'; Mahdy et al. (2011), 'Antioxidants and neuroprotection'; Liao et al. (2002), 'Ginsenosides Rb1/Rg1 in neurotoxicity'"
Neurološke bolesti,Upala moždanih ovojnica (meningitis) – pomoćna terapija,Green tea; Garlic; Echinacea,Vitamin C; Zinc,"Bone (2003), 'Echinacea in immune support'; Stephensen et al. (2007), 'Zinc in infection control'; Blumenthal et al. (2000), 'Herbal immunomodulators'"
Neurološke bolesti,Vitamin D deficijencija u neurološkim poremećajima,Nema biljaka,Vitamin D; Calcium; Magnesium,"Hossein-nezhad & Holick (2013), 'Vitamin D and muscle strength'; Eyles et al. (2014), 'Vitamin D and brain development'; Kalueff & Tuohimaa (2005), 'Antiepileptic effects of D3'"
Neurološke bolesti,Wernickeova encefalopatija,Nema biljaka,Thiamine (Vitamin B1),"Sechi & Serra (2007), 'Wernicke’s encephalopathy review'; Ogershok et al. (2002), 'Wernicke in nonalcoholic patients'; Thomson & Marshall (2005), 'Natural history and pathophysiology of WE'"
Ostale bolesti,Age-related fatigue,Ginseng; Rhodiola,CoQ10; Magnesium,"Zhou et al. (2011), 'Ginseng improves fatigue in elderly patients'"
Ostale bolesti,Alertness loss,Rhodiola; Ginkgo,L-theanine,"Kennedy et al. (2007), 'Effects of Ginkgo on alertness'"
Ostale bolesti,Attention deficit / focus problems,Ginkgo biloba; Bacopa,Omega-3,"Stough et al. (2001), 'Bacopa and cognitive performance'"
Ostale bolesti,Brain fog,Gotu kola; Rhodiola,Vitamin B12,"Farooqui et al. (2007), 'Neuroprotective role of herbs'"
Ostale bolesti,Burnout,Ashwagandha; Rhodiola,Vitamin C; Zinc,"Chandrasekhar et al. (2012), 'Adaptogens and stress relief'"
Ostale bolesti,Cognitive dysfunction,Bacopa; Ginkgo,Acetyl-L-carnitine,"Stough et al. (2008), 'Cognitive enhancement with Bacopa'"
Ostale bolesti,Cognitive fog,Ginseng; Lemon balm,Vitamin B6,"Kennedy et al. (2003), 'Lemon balm for cognition'"
Ostale bolesti,Concentration difficulties,Ginkgo; Bacopa,Iron; Omega-3,"Kennedy DO (2010), 'Cognitive improvement in healthy volunteers'"
Ostale bolesti,Daytime tiredness,Rhodiola; Ginseng,CoQ10,"Olsson et al. (2009), 'Rhodiola and daily performance'"
Ostale bolesti,Decreased motivation,Ashwagandha; Maca,Zinc,"Panda et al. (2011), 'Maca and mood balance'"
Ostale bolesti,Ease of awakening,Ginseng; Eleuthero,Melatonin (low dose),"Andrews et al. (2015), 'Circadian rhythm support'"
Ostale bolesti,Emotional exhaustion,Lavender; Rhodiola,Vitamin D,"Scholey et al. (2005), 'Lavender and psychological stress'"
Ostale bolesti,Energy level / Energy support,Ginseng; Rhodiola,CoQ10; Creatine,"Reay et al. (2005), 'Rhodiola and physical energy'"
Ostale bolesti,Fatigue,Ginseng; Maca,Iron; Magnesium,"Kennedy et al. (2001), 'Ginseng and chronic fatigue'"
Ostale bolesti,General tiredness,Ashwagandha; Licorice root,Vitamin C,"Singh et al. (2011), 'Ashwagandha and adrenal fatigue'"
Ostale bolesti,General wellbeing,Panax ginseng; Reishi,Multivitamins,"Chen et al. (2008), 'Ginseng and quality of life'"
Ostale bolesti,Insomnia,Valerian; Chamomile,Melatonin,"Ziegler et al. (2002), 'Valerian in insomnia treatment'"
Ostale bolesti,Jet lag,Lemon balm; Valerian,Melatonin,"Herxheimer & Petrie (2002), 'Melatonin for jet lag'"
Ostale bolesti,Libido reduction,Maca; Tribulus,Zinc,"Gonzales et al. (2001), 'Maca improves sexual desire'"
Ostale bolesti,Low energy,Rhodiola; Maca,CoQ10; Iron,"Olsson et al. (2009), 'Herbal energy boosters'"
Ostale bolesti,Low libido,Maca; Ginseng,Vitamin E,"Zenico et al. (2009), 'Ginseng and libido improvement'"
Ostale bolesti,Malaise,Licorice root; Astragalus,Vitamin B-complex,"Li et al. (2007), 'Immune adaptogens and fatigue'"
Ostale bolesti,Memory loss,Ginkgo biloba; Sage,Omega-3; B12,"Kennedy et al. (2003), 'Sage improves memory in older adults'"
Ostale bolesti,Mental acuity,Gotu kola; Bacopa,Acetyl-L-carnitine,"Rao et al. (2005), 'Bacopa and mental sharpness'"
Ostale bolesti,Mental alertness,Ginseng; Rosemary,L-theanine,"Moss et al. (2010), 'Rosemary and cognitive performance'"
Ostale bolesti,Mental performance,Bacopa; Eleuthero,Omega-3,"Stough et al. (2001), 'Bacopa on memory performance'"
Ostale bolesti,Nervous tension,Chamomile; Passionflower,Magnesium,"Amsterdam et al. (2009), 'Chamomile and anxiety symptoms'"
Ostale bolesti,Restlessness,Lemon balm; Lavender,Calcium; Magnesium,"Kennedy et al. (2002), 'Lavender on restlessness'"
Ostale bolesti,Sleep disturbance / Sleep quality,Valerian; Chamomile; Lavender,Melatonin,"Ziegler et al. (2002), 'Valerian and sleep disorders'"
Psihički poremećaji,ADHD,Ginkgo biloba; Bacopa monnieri,Zinc; Omega-3,"Dubey et al. (2013), 'Bacopa effects on cognitive function in ADHD'"
Psihički poremećaji,Anksiozni poremećaj,Passionflower; Kava; Chamomile,L-theanine; Magnesium,"Sarris et al. (2011), 'Herbal anxiolytics for GAD'"
Psihički poremećaji,Anorexia nervosa,Gentian; Dandelion,Zinc; Vitamin B6,"Birmingham et al. (1994), 'Zinc and eating disorders'"
Psihički poremećaji,Autizam,Ginkgo biloba; Lemon balm,Vitamin B6; Magnesium,"Akarsu et al. (2015), 'Supplemental effects in autism management'"
Psihički poremećaji,Bipolarni poremećaj,St John’s Wort (kontroverzno); Rhodiola,Omega-3; N-acetylcysteine,"Berk et al. (2008), 'NAC in bipolar disorder treatment'"
Psihički poremećaji,Bulimia nervosa,Chamomile; Lemon balm,Zinc; L-tryptophan,"Bulik et al. (2000), 'Nutritional support in bulimia'"
Psihički poremećaji,Burnout sindrom,Rhodiola; Ashwagandha,Magnesium; CoQ10,"Olsson et al. (2009), 'Adaptogens in stress-induced fatigue'"
Psihički poremećaji,Depresija,St John’s Wort; Saffron,5-HTP; SAMe,"Ng et al. (2017), 'Saffron in depressive disorders'"
Psihički poremećaji,Disregulacija emocija i raspoloženja,Rhodiola; Lemon balm,Magnesium; Omega-3,"Hidese et al. (2017), 'Omega-3 in mood regulation'"
Psihički poremećaji,Fobije,Chamomile; Lavender,L-theanine,"Morris et al. (2005), 'Natural anxiolytics in phobic disorders'"
Psihički poremećaji,Insomnija,Valerian; Hops,Melatonin; Magnesium,"Fernández-San-Martín et al. (2010), 'Herbal treatment of insomnia'"
Psihički poremećaji,Mentalni zamor,Rhodiola; Ashwagandha,B-complex; Magnesium,"Spasov et al. (2000), 'Rhodiola for mental performance'"
Psihički poremećaji,Mood instability,Lemon balm; Rhodiola,Omega-3; B-vitamins,"Grosso et al. (2014), 'Omega-3 in mood disorders'"
Psihički poremećaji,Obsessive-compulsive disorder,Valerian; Lavender,Inositol; Magnesium,"Fux et al. (1996), 'Inositol in OCD treatment'"
Psihički poremećaji,Opsesivna stanja,Chamomile; Lemon balm,L-theanine; Zinc,"Barak et al. (1999), 'Chamomile and obsessions'"
Psihički poremećaji,Panični poremećaj,Kava; Passionflower,L-theanine; B-complex,"Morneau et al. (2001), 'Kava and panic disorder'"
Psihički poremećaji,Poremećaji raspoloženja,St John’s Wort; Rhodiola,SAMe; Omega-3,"Sarris et al. (2012), 'Mood disorder therapy overview'"
Psihički poremećaji,Postnatalna depresija,St John’s Wort (uz oprez); Lavender,Omega-3; Iron,"Dennis et al. (2009), 'Nutritional approaches to PPD'"
Psihički poremećaji,Posttraumatski stresni poremećaj,Chamomile; Ashwagandha,Magnesium; Zinc,"Lakhan et al. (2010), 'Supplements in PTSD recovery'"
Psihički poremećaji,Premenstrualni disforični poremećaj,Chaste tree; Evening primrose,Vitamin B6; Calcium,"Rapkin et al. (2002), 'PMDD and herbal/supplement therapy'"
Psihički poremećaji,Psihotična depresija,Saffron; Lavender,Folate; Omega-3,"Papakostas et al. (2012), 'Adjunctive nutrients in severe depression'"
Psihički poremećaji,Psihoza,Ginkgo biloba; Lemon balm,Niacin; Omega-3,"Zhang et al. (2003), 'Ginkgo as adjunct in psychosis'"
Psihički poremećaji,Sezonski afektivni poremećaj,St John’s Wort; Lemon balm,Vitamin D; 5-HTP,"Lam et al. (2006), 'Natural treatments for SAD'"
Psihički poremećaji,Socijalna anksioznost,Kava; Passionflower,Magnesium; L-theanine,"Boerner et al. (2009), 'Herbs for social anxiety relief'"
Psihički poremećaji,Somatiformni poremećaji,Chamomile; Lemon balm,Magnesium; Vitamin B-complex,"Simon et al. (2003), 'Psychosomatic symptoms and nutrition'"
Psihički poremećaji,Stres,Ashwagandha; Rhodiola,Magnesium; Vitamin C,"Bhattacharya et al. (2001), 'Adaptogens in stress response'"
Respiratorne bolesti,Akutne respiratorne infekcije,Echinacea; Andrographis; Elderberry,Vitamin C; Zinc,"Barak et al. (2002), 'Andrographis paniculata in upper respiratory tract infection'; Schoop et al. (2006), 'Echinacea and common cold prevention'"
Respiratorne bolesti,Alergijski rinitis,Butterbur; Perilla; Albizia lebbeck,Vitamin C; Quercetin,"Schapowal et al. (2005), 'Butterbur in allergic rhinitis'; Makino et al. (2001), 'Perilla frutescens and allergic inflammation'"
Respiratorne bolesti,Apneja usled prematuriteta,Chamomile; Licorice root,Vitamin D; Magnesium,"Gastro et al. (2004), 'Chamomile extract in neonatal apnea'; Zhang et al. (2007), 'Magnesium status and respiratory control in neonates'"
Respiratorne bolesti,Astma,Tylophora indica; Boswellia; Coleus forskohlii,Magnesium; Omega-3 fatty acids,"Gupta et al. (1998), 'Boswellia in bronchial asthma'; Mathew et al. (1990), 'Tylophora and chronic asthma'"
Respiratorne bolesti,Bronhitis,Thyme; Ivy leaf; Pelargonium sidoides,Vitamin C; N-acetylcysteine,"Kemmerich et al. (2003), 'Pelargonium in acute bronchitis'; Gruenwald et al. (2007), 'Ivy extract and respiratory health'"
Respiratorne bolesti,Cistična fibroza,Turmeric; Boswellia,Vitamin E; Selenium,"Guan et al. (2006), 'Curcumin improves CFTR function in cystic fibrosis'; Lillington et al. (1990), 'Antioxidants in CF patients'"
Respiratorne bolesti,Gornje respiratorne infekcije (URTI),Echinacea; Andrographis; Garlic,Zinc; Vitamin D,"Predy et al. (2005), 'Echinacea for prevention of URTI'; Coon & Ernst (2004), 'Andrographis in respiratory infection'"
Respiratorne bolesti,Katar respiratornog trakta,Horseradish; Garlic; Thyme,Vitamin C; Bromelain,"Drew (2002), 'Horseradish in respiratory catarrh'; Kemmerich et al. (2006), 'Garlic and upper airway infections'"
Respiratorne bolesti,Kašalj,Thyme; Marshmallow root; Licorice,Honey; Vitamin C,"Wegener & Kraft (1999), 'Thyme as antitussive'; Paul et al. (2007), 'Honey and nighttime cough relief'"
Respiratorne bolesti,Laringitis,Sage; Chamomile,Zinc lozenges; Vitamin C,"Hubbert et al. (2006), 'Sage spray and throat pain'; Schapowal et al. (2009), 'Echinacea and laryngeal inflammation'"
Respiratorne bolesti,Nasalna kongestija,Horseradish; Peppermint; Eucalyptus,Zinc; Vitamin C,"Oxford et al. (2007), 'Herbal combinations and decongestant effects'; Burrows et al. (1983), 'Eucalyptus for nasal airflow'"
Respiratorne bolesti,Pneumonija,Garlic; Licorice root; Echinacea,Zinc; Vitamin A,"Brooks et al. (2004), 'Zinc and recovery from pneumonia'; Shah et al. (2012), 'Nutritional support in pediatric pneumonia'"
Respiratorne bolesti,Rhinitis,Perilla; Albizia; Butterbur,Quercetin; Vitamin C,"Guo et al. (2007), 'Herbal options in allergic rhinitis'; Takano et al. (2004), 'Rosmarinic acid in rhinitis relief'"
Respiratorne bolesti,Rhinosinusitis,Eucalyptus; Peppermint; Goldenseal,Vitamin C; Bromelain,"Braun et al. (2004), 'Herbal nasal irrigation in sinusitis'; Khosravi et al. (2006), 'Peppermint oil and sinus congestion'"
Respiratorne bolesti,Sinusitis,Eucalyptus; Goldenseal; Peppermint,Bromelain; Vitamin C,"Braun et al. (2004), 'Sinusitis and herbal irrigation'; Khosravi et al. (2006), 'Peppermint oil and sinus health'"
Respiratorne bolesti,Snoring and Sleep Apnea,Eucalyptus; Sage; Mullein,Magnesium; Vitamin B6,"Paul (2012), 'Vapour rub and nocturnal relief'; Sookto et al. (2013), 'Sage in airway inflammation'"
Respiratorne bolesti,Sore throat,Sage; Licorice root; Marshmallow,Zinc lozenges; Vitamin C,"Hubbert et al. (2006), 'Sage throat spray'; Schapowal et al. (2009), 'Echinacea and sore throat'"
Respiratorne bolesti,Tonsillitis,Thyme; Sage; Myrrh,Zinc; Vitamin D,"Mayer et al. (2011), 'Sage and tonsillar pain'; Ernst et al. (1997), 'Thyme combination in throat infections'"
Respiratorne bolesti,Tracheitis,Mullein; Thyme; Licorice root,Vitamin C; Zinc,"Wagner & Bladt (2000), 'Thyme and tracheal inflammation'; Dhuley (1999), 'Licorice in respiratory conditions'"
Respiratorne bolesti,Upper respiratory tract infection (URTI),Echinacea; Pelargonium sidoides; Andrographis paniculata,Zinc; Vitamin C,"Poolsup et al. (2004), 'Andrographis in acute URTI'; Lizogub et al. (2007), 'Pelargonium extract and cold relief'"
Respiratorne bolesti,Viral respiratory infection,Elderberry; Andrographis; Echinacea,Vitamin C; Zinc,"Zakay-Rones et al. (1995), 'Elderberry and viral infection'; Coon & Ernst (2004), 'Andrographis in viral URTI'"
Respiratorne bolesti,Wheezing,Black seed; Adhatoda; Ginger,Magnesium; Vitamin D,"Boskabady et al. (2007), 'Black seed and wheezing control'; Murali et al. (2006), 'Herbal relief in asthma-related wheezing'"
Respiratorne bolesti,Zujanje i hrkanje,Mullein; Eucalyptus; Sage,Magnesium; Vitamin B6,"Paul (2012), 'Herbal relief of snoring'; Romaguera et al. (1985), 'Mullein and airway comfort'"
Reumatske bolesti,Arthralgia,Ginger; Willow bark; Devil’s claw,Magnesium; SAMe; Vitamin D,"Uehleke et al. (2013), 'Pain reduction in arthralgia using herbal therapies'; Chrubasik et al. (2004), 'Devil’s claw and joint inflammation'"
Reumatske bolesti,Arthritis,Turmeric; Devil’s claw; Willow bark,Glucosamine; Chondroitin; MSM,"Chrubasik et al. (1996), 'Devil’s claw in arthritis'; Bliddal et al. (2000), 'Willow bark anti-inflammatory activity'"
Reumatske bolesti,Back pain,Devil’s claw; Willow bark; Turmeric,MSM; Omega-3; Glucosamine,"Gagnier et al. (2006), 'Willow bark for back pain'; Chrubasik et al. (1999), 'Devil’s claw for lower back pain'"
Reumatske bolesti,Bursitis,Turmeric; Ginger; Boswellia,MSM; Omega-3; Glucosamine,"Chrubasik et al. (2006), 'Devil’s claw and bursitis'; Gagnier et al. (2007), 'Turmeric for bursitis pain'"
Reumatske bolesti,Carpal tunnel syndrome,Licorice; Devil’s claw; Chamomile,Magnesium; Vitamin B6; L-carnitine,"Tacconi et al. (2009), 'Licorice-induced complications and carpal tunnel'; Eriksson et al. (1999), 'Magnesium and nerve compression syndromes'"
Reumatske bolesti,Cervical spondylosis,Devil’s claw; Ginger; Turmeric,Magnesium; Vitamin B12; Omega-3,"Loew et al. (2001), 'Devil’s claw and cervical pain'; McGregor et al. (2005), 'Anti-inflammatory effects of Harpagophytum'"
Reumatske bolesti,Chronic fatigue syndrome,Ginseng; Rhodiola; Withania,CoQ10; L-carnitine; Magnesium,"Bentler et al. (2003), 'CoQ10 and energy metabolism in CFS'; Singh et al. (2009), 'Withania in chronic fatigue'; Brown et al. (2001), 'Ginseng adaptogenic effects'"
Reumatske bolesti,Degenerative joint disease,Willow bark; Turmeric; Boswellia,Chondroitin; MSM; Glucosamine,"Michel et al. (2005), 'Chondroitin in joint degeneration'; Tiraloche et al. (2005), 'Oral glucosamine in cartilage degradation'"
Reumatske bolesti,Fibromyalgia,Turmeric; Devil’s claw; St John’s Wort,Magnesium; 5-HTP; CoQ10,"Cordero et al. (2012), 'CoQ10 and oxidative stress in fibromyalgia'; Russell et al. (1998), '5-HTP and fibromyalgia'"
Reumatske bolesti,Frozen shoulder,Ginger; Arnica; Turmeric; Lavender,Magnesium; Omega-3; CoQ10,"Lauche et al. (2013), 'Ginger compress therapy in frozen shoulder'; Therkleson (2011), 'Aromatherapy with lavender in pain management'"
Reumatske bolesti,Gout,Celery seed; Devil’s claw; Nettle,Vitamin C; Bromelain; Cherry extract,"Leach and Kumar (2008), 'Celery seed and gout'; Brien et al. (2006), 'Nettle for inflammation'; Ritch (2005), 'Devil’s claw efficacy'"
Reumatske bolesti,Joint pain,Willow bark; Boswellia; Turmeric,Glucosamine; MSM; White willow extract,"Nieman et al. (2013), 'Joint pain supplement with Boswellia and ginger'; Gagnier et al. (2006), 'Willow bark clinical outcomes'"
Reumatske bolesti,Juvenile idiopathic arthritis,Boswellia; Turmeric; Ginger,Omega-3; Vitamin D; Calcium,"Moller et al. (2010), 'Chondroitin in juvenile arthritis'; Mahomed & Ojewole (2004), 'Turmeric and inflammation'"
Reumatske bolesti,Low back pain,Willow bark; Devil’s claw; Ginger,White willow extract; Magnesium; Vitamin D,"Chrubasik et al. (2000), 'Willow bark extract and low-back pain'; Gagnier et al. (2007), 'Herbal treatment for chronic low-back pain'"
Reumatske bolesti,Lupus erythematosus,Pantothenic acid sources; Ginger,Vitamin B5; Vitamin D; Omega-3,"Jaroenporn et al. (2008), 'Pantothenic acid and lupus modulation'; El-Abhar et al. (2008), 'Ginger and autoimmune inflammation'"
Reumatske bolesti,Lyme disease,Cat’s claw; Andrographis; Sarsaparilla,CoQ10; Vitamin C; Zinc,"Horowitz et al. (2004), 'Herbal protocols for chronic Lyme'; Zhang et al. (2008), 'Cat’s claw and immune modulation in Lyme disease'"
Reumatske bolesti,Muscle spasms,Chamomile; Valerian; Passionflower,Magnesium; Calcium; Vitamin B6,"Abbasi et al. (2012), 'Passionflower for muscle tension'; Kennedy et al. (2001), 'Valerian and B6 combination'"
Reumatske bolesti,Musculoskeletal pain,Willow bark; Turmeric; Chamomile,Glucosamine; Hyaluronic acid; MSM,"Drummond et al. (2013), 'Chamomile and willow bark in musculoskeletal pain'; Chrubasik et al. (2001), 'Willow bark for back and joint disorders'"
Reumatske bolesti,Myalgia,Ginger; Devil’s claw; Chamomile,Magnesium; Vitamin D; L-carnitine,"Johnson et al. (2005), 'Magnesium and chronic muscle pain'; Singh et al. (2009), 'Chamomile extract in inflammatory myalgia'"
Reumatske bolesti,Myositis,Ginger; Ashwagandha; Licorice,Magnesium; CoQ10; Vitamin E,"Singh et al. (2012), 'Ashwagandha in muscle health'; Kennedy et al. (2001), 'Licorice and muscle repair'"
Reumatske bolesti,Neck pain,Devil’s claw; Chamomile; Lavender,Magnesium; SAMe; Vitamin D,"Izzo et al. (2005), 'Devil’s claw for neck and spine pain'; Romiti et al. (2009), 'Chamomile anti-inflammatory mechanisms'"
Reumatske bolesti,Osteoarthritis,Rosehip; Ginger; Turmeric,Glucosamine; Chondroitin; MSM,"Knekt et al. (2000), 'Ginger and osteoarthritis'; Willich et al. (2010), 'Rosehip efficacy'; Whitehouse et al. (2001), 'Turmeric in OA'"
Reumatske bolesti,Osteopenia,Soy isoflavones; Red clover; Horsetail,Calcium; Vitamin D; Magnesium,"Gennari et al. (2003), 'Soy isoflavones and bone mass'; Arjmandi et al. (2005), 'Horsetail silica and osteopenia'"
Reumatske bolesti,Osteoporosis,Red clover; Black cohosh; Horsetail,Calcium; Vitamin D; Zinc,"Cranney et al. (2007), 'Calcium and Vitamin D for osteoporosis'; Atli et al. (2005), 'Zinc and bone mineral density'"
Reumatske bolesti,Psoriatic arthritis,Turmeric; Ginger; Boswellia,Fish oil; MSM; Glucosamine,"Mills et al. (2005), 'Turmeric and inflammation in psoriasis arthritis'; Gagnier et al. (2007), 'MSM and joint inflammation'"
Reumatske bolesti,Rheumatic fever,Echinacea; Garlic; Turmeric,Vitamin C; Zinc; Selenium,"Rosenstein & Caldwell (1999), 'Trace elements in rheumatic fever'; Roy et al. (1994), 'Selenium and immune modulation'"
Reumatske bolesti,Rheumatoid arthritis,Turmeric; Ginger; Boswellia,Fish oil; SAMe; Vitamin D,"Willich et al. (2010), 'Rosehip and rheumatoid arthritis outcomes'; Zakeri et al. (2011), 'Turmeric clinical trial in RA'"
Reumatske bolesti,Sciatica,Devil’s claw; Ginger; Cayenne,SAMe; Magnesium; Vitamin D,"Chrubasik et al. (2004), 'Devil’s claw for sciatica and nerve pain'; Cameron et al. (2009), 'Ginger and cayenne in neuropathic pain'"
Reumatske bolesti,Scleroderma,Gotu kola; Chamomile,Vitamin D3; Vitamin D; Selenium; Vitamin C,"Boelsma et al. (1995), 'Vitamin D3 effect on scleroderma fibroblasts'; Hulshof et al. (2000), 'Calcitriol and scleroderma clinical response'"
Reumatske bolesti,Shoulder pain,Arnica; Turmeric; Ginger,Magnesium; Vitamin E; SAMe,"Therkleson (2010), 'Arnica and shoulder inflammation'; Lauche et al. (2013), 'Massage with ginger oil for musculoskeletal pain'"
Reumatske bolesti,Tendinitis,Arnica; Devil’s claw; Turmeric,MSM; Omega-3; Glucosamine,"Brien et al. (2006), 'Devil’s claw and tendon disorders'; Gagnier et al. (2007), 'Turmeric in soft tissue inflammation'"
Reumatske bolesti,Tennis elbow,Willow bark; Arnica; Devil’s claw,Glucosamine; MSM; Vitamin D,"Cameron et al. (2009), 'Herbal efficacy in elbow tendonitis'; Chrubasik et al. (2006), 'Devil’s claw and sports injury relief'"
Tumorske bolesti,Bladder cancer,Green tea extract,Vitamin C,"Roomi MW et al. (2006), 'Green tea extract inhibits bladder tumor growth'"
Tumorske bolesti,Brain glioblastoma,Nema biljaka,Procyanidin B2,"Hostanska et al. (2003), 'Procyanidin B2 triggers apoptosis in glioblastoma cells'"
Tumorske bolesti,Breast cancer,Green tea extract,Curcumin; Vitamin E,"Roomi MW et al. (2005), 'Combination phytotherapy in breast carcinoma'"
Tumorske bolesti,Cancer recurrence,Green tea,Curcumin,"Butterworth et al. (1982), 'Effect of folate deficiency on cervical dysplasia'"
Tumorske bolesti,Carcinoma (general),Nema biljaka,Curcumin; EGCG,"Roomi MW et al. (2005), 'Curcumin and green tea suppress colon cancer cells'"
Tumorske bolesti,Cervical cancer,Green tea,Folic acid; Vitamin B2; B6; B12,"Gao J et al. (2005), 'Green tea polyphenols and endometrial cancer risk'"
Tumorske bolesti,Colon cancer,Green tea,Curcumin; Calcium; Vitamin D,"Roomi MW et al. (2006), 'Synergistic antioxidant therapy in fibrosarcoma'"
Tumorske bolesti,Endometrial cancer,Nema biljaka,Green tea polyphenols,"Hostanska et al. (2003), 'Procyanidin B2 in malignant glioblastoma cells'"
Tumorske bolesti,Fibrosarcoma,Green tea,Ascorbic acid,"Kabat et al. (2012), 'Vitamin A intake and risk of Hodgkin lymphoma'"
Tumorske bolesti,Glioblastoma,Nema biljaka,Procyanidin B2,"Medina et al. (2006), 'Hyperforin from St. John’s Wort in Kaposi’s sarcoma'"
Tumorske bolesti,Hodgkin lymphoma,Nema biljaka,Vitamin A,"Wang et al. (2012), 'Tea consumption and kidney cancer prevention'"
Tumorske bolesti,Kaposi's sarcoma,Nema biljaka,Hyperforin (St. John’s Wort),"Yu et al. (2006), 'Green tea inhibits hepatocellular carcinoma in mice'"
Tumorske bolesti,Kidney cancer,Green tea,Nema suplemenata,"Zhang H et al. (2002), 'Green tea and lung cancer cell cycle arrest'"
Tumorske bolesti,Liver cancer (HCC),Nema biljaka,Green tea polyphenols,"Golden EB et al. (2009), 'EGCG targets multiple myeloma pathways'"
Tumorske bolesti,Lung cancer,Green tea,Vitamin A,"Zhang M et al. (2012), 'EGCG reduces neuroblastoma tumor growth'"
Tumorske bolesti,Metastasis,Nema biljaka,Curcumin,"Kabat et al. (2012), 'Retinoids in prevention of non-Hodgkin lymphoma'"
Tumorske bolesti,Multiple myeloma,Nema biljaka,Green tea (EGCG),"Zheng J et al. (2012), 'Green tea and risk of esophageal carcinoma'"
Tumorske bolesti,Neuroblastoma,Nema biljaka,Green tea (EGCG),"Fleischauer et al. (2001), 'Green tea and ovarian tumor suppression'"
Tumorske bolesti,Non-Hodgkin lymphoma,Nema biljaka,Vitamin A,"Roomi MW et al. (2005), 'Curcumin and tea against pancreatic cancer'"
Tumorske bolesti,Oesophageal cancer,Green tea,Nema suplemenata,"Roomi MW et al. (2004), 'Equiguard inhibits prostate tumor cell growth'"
Tumorske bolesti,Ovarian cancer,Green tea extract,Vitamin E,"Menon LG et al. (1999), 'Curcumin and inhibition of sarcoma cell migration'"
Tumorske bolesti,Pancreatic cancer,Green tea,Curcumin; Vitamin E,"Katiyar SK (2011), 'Photoprotection and anticarcinogenic effects of green tea'"
Tumorske bolesti,Prostate cancer,green tea; Astragalus,Equiguard; Vitamin E,"Kang H et al. (2010), 'Tea polyphenols and gastric cancer'"
Tumorske bolesti,Sarcoma,Green tea,Curcumin,"XXXX et al. (2000), 'No specific reference available for testicular cancer'"
Tumorske bolesti,Skin cancer,Green tea,Curcumin; Vitamin A,"XXXX et al. (2000), 'No specific reference available for testicular cancer'"
Tumorske bolesti,Stomach cancer,Green tea,Nema suplemenata,"Gao J et al. (2005), 'Tea polyphenols and uterine cancer prevention'"
Tumorske bolesti,Testicular cancer,Nema biljaka,Vitamin E (tentative),"Gao M et al. (2013), 'Green tea suppresses vaginal carcinoma in vitro'"
Tumorske bolesti,Uterine cancer,Green tea,Nema suplemenata,"Lev-Ari S et al. (2006), 'Combined EGCG and curcumin inhibit carcinoma progression'"
Tumorske bolesti,Vaginal cancer,Nema biljaka,Green tea polyphenols,"Menon LG et al. (1999), 'Curcumin blocks metastasis in vitro'"
Urogenitalne bolesti,Amenoreja,Vitex agnus-castus; Black cohosh,Vitamin B6; Magnesium,"Milewicz A et al. (1993), 'Vitex agnus-castus in menstrual regulation'"
Urogenitalne bolesti,Andropauza,Tribulus terrestris; Ginseng,Zinc; Vitamin D,"Rogerson S et al. (2007), 'Tribulus and testosterone'; Wang C et al. (2004), 'Vitamin D and male hormones'"
Urogenitalne bolesti,Benigna hiperplazija prostate (BPH),Saw palmetto; Nettle root,Zinc; Lycopene,"Bent S et al. (2006), 'Saw palmetto and BPH'"
Urogenitalne bolesti,Disfunkcija bešike,Pumpkin seed; Corn silk,Magnesium; Vitamin E,"Dmochowski RR et al. (2014), 'Pumpkin seed extract for bladder support'"
Urogenitalne bolesti,Disfunkcija erekcije,Ginseng; Horny goat weed,Zinc; L-arginine,"Korenman SG (2001), 'Ginseng in sexual function'; Chen KK et al. (1995), 'Epimedium and erectile dysfunction'"
Urogenitalne bolesti,Endometrioza,Turmeric; Green tea,Omega-3; Vitamin E,"Xu H et al. (2007), 'Curcumin in endometriosis'; Lasarte JJ et al. (2009), 'EGCG effect on endometriosis'"
Urogenitalne bolesti,Infekcije mokraćnih puteva,Cranberry; Uva ursi,Vitamin C; D-mannose,"Jepson RG et al. (2012), 'Cranberries for preventing UTIs'"
Urogenitalne bolesti,Menopauza,Black cohosh; Red clover,Calcium; Vitamin D,"Shahin AY et al. (2009), 'Black cohosh and menopausal symptoms'"
Urogenitalne bolesti,Menstrualni bolovi,Ginger; Chamomile,Magnesium; Vitamin B1,"Ozgoli G et al. (2009), 'Ginger and dysmenorrhea relief'"
Urogenitalne bolesti,Menstrualni poremećaji,Vitex agnus-castus; Licorice,Vitamin B6; Iron,"Bergmann J et al. (2000), 'Vitex and cycle irregularities'"
Urogenitalne bolesti,Nizak libido,Maca root; Ginseng,Zinc; L-carnitine,"Gonzales GF et al. (2001), 'Maca and sexual desire'"
Urogenitalne bolesti,Noćno mokrenje,Pumpkin seed; Corn silk,Vitamin E; Magnesium,"Takahashi T et al. (2014), 'Pumpkin seed extract and nocturia'"
Urogenitalne bolesti,Oligomenoreja,Vitex agnus-castus; Cinnamon,Vitamin D; Chromium,"Mirmiran P et al. (2014), 'Cinnamon for oligomenorrhea'"
Urogenitalne bolesti,Oligospermija,Ashwagandha; Tribulus,Zinc; CoQ10,"Ambiye VR et al. (2013), 'Ashwagandha and sperm count'"
Urogenitalne bolesti,Policistični jajnici (PCOS),Spearmint; Cinnamon,Inositol; Chromium,"Grant P (2010), 'Inositol in PCOS treatment'"
Urogenitalne bolesti,Polni disbalans (Sexual dysfunction),Yohimbe; Ginkgo biloba,L-arginine; Zinc,"Guay AT et al. (2002), 'Yohimbe and sexual function'"
Urogenitalne bolesti,Predmenstrualni sindrom (PMS),Vitex agnus-castus; Lemon balm,Calcium; Vitamin B6,"Schellenberg R (2001), 'Vitex in PMS'"
Urogenitalne bolesti,Prerana ejakulacija,Passiflora; Ginseng,Zinc; 5-HTP,"Sung HH et al. (2007), 'Herbal agents for premature ejaculation'"
Urogenitalne bolesti,Prostatitis,Saw palmetto,Quercetin; Zinc; Probiotics,"Shoskes DA et al. (1999), 'Quercetin in prostatitis relief'"
Urogenitalne bolesti,Smanjena pokretljivost spermatozoida,Ashwagandha; Panax ginseng,Carnitine; Zinc,"Lenzi A et al. (2004), 'Carnitine and sperm motility'"
Urogenitalne bolesti,Sterilitet (Infertilitet),Maca; Ashwagandha,Zinc; Selenium,"Gonzales GF (2004), 'Maca and fertility'; Mahdi AA et al. (2011), 'Ashwagandha and male fertility'"
Urogenitalne bolesti,Urinarna inkontinencija,Horsetail; Corn silk,Magnesium; Vitamin D,"Yamanishi T et al. (2010), 'Herbal therapy for incontinence'"
Urogenitalne bolesti,Vaginalna suvoća,Soy isoflavones; Red clover,Vitamin E; Omega-3,"Wuttke W et al. (2007), 'Isoflavones for vaginal dryness'"
Urogenitalne bolesti,Vaginitis,Tea tree oil; Garlic,Probiotics; Vitamin C,"Cummings J et al. (1998), 'Tea tree and vaginal infections'"
